platform_id,title,note
gid://shopify/Product/5021331259523,Whole Package,
gid://shopify/Product/5188833280131,Her Package,
gid://shopify/Product/4467114279043,Beef Organs,
gid://shopify/Product/8668413427843,Grass-Fed Whey Protein (Chocolate Sea Salt),
gid://shopify/Product/5053965533315,Lifeblood,
gid://shopify/Product/5077027455107,Firestarter,
gid://shopify/Product/8767878430851,Grass-Fed Colostrum,newer of two products with this title
gid://shopify/Product/8700297445507,Grass-Fed Thyroid+,
gid://shopify/Product/8378615595139,Animal Based Protein,
gid://shopify/Product/6749751148675,WARRIOR,
gid://shopify/Product/7922592317571,Joint Strength & Repair,
gid://shopify/Product/4467114508419,Gut & Digestion,
gid://shopify/Product/8166034538627,Pure American Liver,
gid://shopify/Product/5053974675587,"Skin, Hair & Nails",distinct from Skin Hair & Nails Stack
gid://shopify/Product/5061853380739,"Mood, Memory & Brain",
gid://shopify/Product/8655060336771,Grass-Fed Whey Protein (Unflavored),
gid://shopify/Product/5021184393347,Histamine & Immune,distinct from Histamine Intolerance Stack
gid://shopify/Product/4467107266691,Bone Marrow & Liver,
gid://shopify/Product/5188852875395,Bone Matrix,
gid://shopify/Product/5142989176963,Grass-Fed Colostrum,older of two products with this title
gid://shopify/Product/9200421470339,GLP-1 Protocol (Unflavored Protein),1 pre-window subscription
