skio_field_key,section,view,field,type,description
cancel_flow.all_cancel_flow_sessions.subscriptionId,cancel_flow,all_cancel_flow_sessions,subscriptionId,STRING,
cancel_flow.all_cancel_flow_sessions.storefrontUserEmail,cancel_flow,all_cancel_flow_sessions,storefrontUserEmail,STRING,
cancel_flow.all_cancel_flow_sessions.parsedPath,cancel_flow,all_cancel_flow_sessions,parsedPath,STRING,
cancel_flow.all_cancel_flow_sessions.type,cancel_flow,all_cancel_flow_sessions,type,STRING,
cancel_flow.all_cancel_flow_sessions.sessionStatus,cancel_flow,all_cancel_flow_sessions,sessionStatus,STRING,
cancel_flow.all_cancel_flow_sessions.subscriptionMRR,cancel_flow,all_cancel_flow_sessions,subscriptionMRR,FLOAT,
cancel_flow.all_cancel_flow_sessions.cancelFlowId,cancel_flow,all_cancel_flow_sessions,cancelFlowId,STRING,
cancel_flow.all_cancel_flow_sessions.cancelFlowName,cancel_flow,all_cancel_flow_sessions,cancelFlowName,STRING,
cancel_flow.cancel_flow_overview.Segment Filter,cancel_flow,cancel_flow_overview,Segment Filter,STRING,
cancel_flow.cancel_flow_overview.Total Cancellations,cancel_flow,cancel_flow_overview,Total Cancellations,INTEGER,
cancel_flow.cancel_flow_overview.Churn Rate,cancel_flow,cancel_flow_overview,Churn Rate,FLOAT,
cancel_flow.cancel_flow_overview.Active Churn Rate,cancel_flow,cancel_flow_overview,Active Churn Rate,FLOAT,
cancel_flow.cancel_reason_breakdown.Segment Filter,cancel_flow,cancel_reason_breakdown,Segment Filter,STRING,
cancel_flow.cancel_reason_breakdown.Reason,cancel_flow,cancel_reason_breakdown,Reason,STRING,
cancel_flow.cancel_reason_breakdown.Session Count,cancel_flow,cancel_reason_breakdown,Session Count,INTEGER,
cancel_flow.cancel_reason_breakdown.Saved Sessions,cancel_flow,cancel_reason_breakdown,Saved Sessions,INTEGER,
cancel_flow.cancel_reason_breakdown.Cancelled Sessions,cancel_flow,cancel_reason_breakdown,Cancelled Sessions,INTEGER,
cancel_flow.cancel_reason_breakdown.Save Rate,cancel_flow,cancel_reason_breakdown,Save Rate,FLOAT,
cancel_flow.cancel_reason_breakdown.% of Total,cancel_flow,cancel_reason_breakdown,% of Total,FLOAT,
cancel_flow.cancellation_breakdown.Segment Filter,cancel_flow,cancellation_breakdown,Segment Filter,STRING,
cancel_flow.cancellation_breakdown.Date,cancel_flow,cancellation_breakdown,Date,DATE,
cancel_flow.cancellation_breakdown.Total,cancel_flow,cancellation_breakdown,Total,INTEGER,
cancel_flow.cancellation_breakdown.Cancel Flow,cancel_flow,cancellation_breakdown,Cancel Flow,INTEGER,
cancel_flow.cancellation_breakdown.Cancelled by Merchant,cancel_flow,cancellation_breakdown,Cancelled by Merchant,INTEGER,
cancel_flow.cancellation_breakdown.Passively Cancelled,cancel_flow,cancellation_breakdown,Passively Cancelled,INTEGER,
cancel_flow.cancellation_breakdown.Others,cancel_flow,cancellation_breakdown,Others,INTEGER,
cancel_flow.cancellation_save_trends.Segment Filter,cancel_flow,cancellation_save_trends,Segment Filter,STRING,
cancel_flow.cancellation_save_trends.Date,cancel_flow,cancellation_save_trends,Date,DATE,
cancel_flow.cancellation_save_trends.Saved Sessions,cancel_flow,cancellation_save_trends,Saved Sessions,INTEGER,
cancel_flow.cancellation_save_trends.Cancelled Sessions,cancel_flow,cancellation_save_trends,Cancelled Sessions,INTEGER,
cancel_flow.cancellation_save_trends.Net Change,cancel_flow,cancellation_save_trends,Net Change,INTEGER,
cancel_flow.saved_reason_breakdown.Segment Filter,cancel_flow,saved_reason_breakdown,Segment Filter,STRING,
cancel_flow.saved_reason_breakdown.Treatment,cancel_flow,saved_reason_breakdown,Treatment,STRING,
cancel_flow.saved_reason_breakdown.Parent Reason,cancel_flow,saved_reason_breakdown,Parent Reason,STRING,
cancel_flow.saved_reason_breakdown.Final Reason,cancel_flow,saved_reason_breakdown,Final Reason,STRING,
cancel_flow.saved_reason_breakdown.Session Count,cancel_flow,saved_reason_breakdown,Session Count,INTEGER,
cancel_flow.saved_reason_breakdown.Revenue After,cancel_flow,saved_reason_breakdown,Revenue After,FLOAT,
cancel_flow.saved_reason_breakdown.Orders After,cancel_flow,saved_reason_breakdown,Orders After,INTEGER,
cancel_flow.saved_reason_breakdown.% of Total,cancel_flow,saved_reason_breakdown,% of Total,FLOAT,
cohort.cohort_aoc.Segment Filter,cohort,cohort_aoc,Segment Filter,STRING,
cohort.cohort_aoc.Cohort Month,cohort,cohort_aoc,Cohort Month,DATE,
cohort.cohort_aoc.Cohort Size,cohort,cohort_aoc,Cohort Size,INTEGER,
cohort.cohort_aoc.0th Month / 0 orders,cohort,cohort_aoc,0th Month / 0 orders,FLOAT,"Example of variable month columns (e.g. 0th Month / 0 orders, 1st Month / 1 order, ...). Column count and names change based on the date range of the export."
cohort.cohort_cancellation_breakdown.Segment Filter,cohort,cohort_cancellation_breakdown,Segment Filter,STRING,
cohort.cohort_cancellation_breakdown.Timing Category,cohort,cohort_cancellation_breakdown,Timing Category,STRING,
cohort.cohort_cancellation_breakdown.Cancellation Count,cohort,cohort_cancellation_breakdown,Cancellation Count,INTEGER,
cohort.cohort_kpis.Segment Filter,cohort,cohort_kpis,Segment Filter,STRING,
cohort.cohort_kpis.Subscriptions Created,cohort,cohort_kpis,Subscriptions Created,INTEGER,
cohort.cohort_kpis.Subscribers Created,cohort,cohort_kpis,Subscribers Created,INTEGER,
cohort.cohort_kpis.Cancellations,cohort,cohort_kpis,Cancellations,INTEGER,
cohort.cohort_kpis.Churn Rate,cohort,cohort_kpis,Churn Rate,FLOAT,
cohort.cohort_kpis.Revenue,cohort,cohort_kpis,Revenue,FLOAT,
cohort.cohort_kpis.Average Order Count,cohort,cohort_kpis,Average Order Count,FLOAT,
cohort.cohort_kpis.Lifetime Value,cohort,cohort_kpis,Lifetime Value,FLOAT,
cohort.cohort_kpis.Average Order Value,cohort,cohort_kpis,Average Order Value,FLOAT,
cohort.cohort_kpis.Orders,cohort,cohort_kpis,Orders,INTEGER,
cohort.cohort_lifetime_metrics.Segment Filter,cohort,cohort_lifetime_metrics,Segment Filter,STRING,
cohort.cohort_lifetime_metrics.Lifetime LTV,cohort,cohort_lifetime_metrics,Lifetime LTV,FLOAT,
cohort.cohort_lifetime_metrics.3-Month LTV,cohort,cohort_lifetime_metrics,3-Month LTV,FLOAT,
cohort.cohort_lifetime_metrics.6-Month LTV,cohort,cohort_lifetime_metrics,6-Month LTV,FLOAT,
cohort.cohort_lifetime_metrics.12-Month LTV,cohort,cohort_lifetime_metrics,12-Month LTV,FLOAT,
cohort.cohort_lifetime_metrics.Lifetime AOV,cohort,cohort_lifetime_metrics,Lifetime AOV,FLOAT,
cohort.cohort_lifetime_metrics.Lifetime AOC,cohort,cohort_lifetime_metrics,Lifetime AOC,FLOAT,
cohort.cohort_lifetime_metrics.Average Days Active,cohort,cohort_lifetime_metrics,Average Days Active,FLOAT,
cohort.cohort_lifetime_metrics.Average Products,cohort,cohort_lifetime_metrics,Average Products,FLOAT,
cohort.cohort_lifetime_metrics.Average Quantity,cohort,cohort_lifetime_metrics,Average Quantity,FLOAT,
cohort.cohort_ltv.Segment Filter,cohort,cohort_ltv,Segment Filter,STRING,
cohort.cohort_ltv.Cohort Month,cohort,cohort_ltv,Cohort Month,DATE,
cohort.cohort_ltv.Cohort Size,cohort,cohort_ltv,Cohort Size,INTEGER,
cohort.cohort_ltv.0th Month / 0 orders,cohort,cohort_ltv,0th Month / 0 orders,FLOAT,"Example of variable month columns (e.g. 0th Month / 0 orders, 1st Month / 1 order, ...). Column count and names change based on the date range of the export."
cohort.cohort_monthly_orders.Segment Filter,cohort,cohort_monthly_orders,Segment Filter,STRING,
cohort.cohort_monthly_orders.Cohort Month,cohort,cohort_monthly_orders,Cohort Month,DATE,
cohort.cohort_monthly_orders.Cohort Size,cohort,cohort_monthly_orders,Cohort Size,INTEGER,
cohort.cohort_monthly_orders.0th Month / 0 orders,cohort,cohort_monthly_orders,0th Month / 0 orders,INTEGER,"Example of variable month columns (e.g. 0th Month / 0 orders, 1st Month / 1 order, ...). Column count and names change based on the date range of the export."
cohort.cohort_monthly_revenue.Segment Filter,cohort,cohort_monthly_revenue,Segment Filter,STRING,
cohort.cohort_monthly_revenue.Cohort Month,cohort,cohort_monthly_revenue,Cohort Month,DATE,
cohort.cohort_monthly_revenue.Cohort Size,cohort,cohort_monthly_revenue,Cohort Size,INTEGER,
cohort.cohort_monthly_revenue.0th Month / 0 orders,cohort,cohort_monthly_revenue,0th Month / 0 orders,FLOAT,"Example of variable month columns (e.g. 0th Month / 0 orders, 1st Month / 1 order, ...). Column count and names change based on the date range of the export."
cohort.cohort_order_based_retention.Segment Filter,cohort,cohort_order_based_retention,Segment Filter,STRING,
cohort.cohort_order_based_retention.Cohort Month,cohort,cohort_order_based_retention,Cohort Month,DATE,
cohort.cohort_order_based_retention.Cohort Size,cohort,cohort_order_based_retention,Cohort Size,INTEGER,
cohort.cohort_order_based_retention.0th Month / 0 orders,cohort,cohort_order_based_retention,0th Month / 0 orders,INTEGER,"Example of variable month columns (e.g. 0th Month / 0 orders, 1st Month / 1 order, ...). Column count and names change based on the date range of the export."
cohort.cohort_overview_summary.Segment Filter,cohort,cohort_overview_summary,Segment Filter,STRING,
cohort.cohort_overview_summary.Cohort Month,cohort,cohort_overview_summary,Cohort Month,DATE,
cohort.cohort_overview_summary.Cohort Size,cohort,cohort_overview_summary,Cohort Size,INTEGER,
cohort.cohort_overview_summary.Total Orders,cohort,cohort_overview_summary,Total Orders,INTEGER,
cohort.cohort_overview_summary.Total Revenue,cohort,cohort_overview_summary,Total Revenue,FLOAT,
cohort.cohort_overview_summary.Churn Rate,cohort,cohort_overview_summary,Churn Rate,FLOAT,
cohort.cohort_overview_summary.AOV,cohort,cohort_overview_summary,AOV,FLOAT,
cohort.cohort_overview_summary.LTV,cohort,cohort_overview_summary,LTV,FLOAT,
cohort.cohort_retention.Segment Filter,cohort,cohort_retention,Segment Filter,STRING,
cohort.cohort_retention.Cohort Month,cohort,cohort_retention,Cohort Month,DATE,
cohort.cohort_retention.Cohort Size,cohort,cohort_retention,Cohort Size,INTEGER,
cohort.cohort_retention.0th Month / 0 orders,cohort,cohort_retention,0th Month / 0 orders,FLOAT,"Example of variable month columns (e.g. 0th Month / 0 orders, 1st Month / 1 order, ...). Column count and names change based on the date range of the export."
dunning.all_dunning_windows.id,dunning,all_dunning_windows,id,STRING,
dunning.all_dunning_windows.enteredDunningStateChangeId,dunning,all_dunning_windows,enteredDunningStateChangeId,STRING,
dunning.all_dunning_windows.subscriptionId,dunning,all_dunning_windows,subscriptionId,STRING,
dunning.all_dunning_windows.siteId,dunning,all_dunning_windows,siteId,STRING,
dunning.all_dunning_windows.localEnteredAt,dunning,all_dunning_windows,localEnteredAt,TIMESTAMP,
dunning.all_dunning_windows.exitedDunningStateChangeId,dunning,all_dunning_windows,exitedDunningStateChangeId,STRING,
dunning.all_dunning_windows.localExitedAt,dunning,all_dunning_windows,localExitedAt,TIMESTAMP,
dunning.all_dunning_windows.enteredAt,dunning,all_dunning_windows,enteredAt,TIMESTAMP,
dunning.all_dunning_windows.exitedAt,dunning,all_dunning_windows,exitedAt,TIMESTAMP,
dunning.all_dunning_windows.exitedStatus,dunning,all_dunning_windows,exitedStatus,STRING,
dunning.all_dunning_windows.exitedStatusContext,dunning,all_dunning_windows,exitedStatusContext,STRING,
dunning.all_dunning_windows.billingAttemptCount,dunning,all_dunning_windows,billingAttemptCount,INTEGER,
dunning.all_dunning_windows.recoveredRevenue,dunning,all_dunning_windows,recoveredRevenue,FLOAT,
dunning.all_dunning_windows.recoveredRevenueDiscount,dunning,all_dunning_windows,recoveredRevenueDiscount,FLOAT,
dunning.all_dunning_windows.queuedRevenue,dunning,all_dunning_windows,queuedRevenue,FLOAT,
dunning.all_dunning_windows.latestBillingAttemptErrorMessage,dunning,all_dunning_windows,latestBillingAttemptErrorMessage,STRING,
dunning.all_dunning_windows.latestBillingAttemptLocalCreatedAt,dunning,all_dunning_windows,latestBillingAttemptLocalCreatedAt,TIMESTAMP,
dunning.all_dunning_windows.latestFailedBillingAttemptErrorMessage,dunning,all_dunning_windows,latestFailedBillingAttemptErrorMessage,STRING,
dunning.all_dunning_windows.latestFailedBillingAttemptLocalCreatedAt,dunning,all_dunning_windows,latestFailedBillingAttemptLocalCreatedAt,TIMESTAMP,
dunning.all_dunning_windows.subscriptionLocalNextBillingDate,dunning,all_dunning_windows,subscriptionLocalNextBillingDate,TIMESTAMP,
dunning.all_dunning_windows.storefrontUserEmail,dunning,all_dunning_windows,storefrontUserEmail,STRING,
dunning.dunning_details_breakdown.Segment Filter,dunning,dunning_details_breakdown,Segment Filter,STRING,
dunning.dunning_details_breakdown.Date,dunning,dunning_details_breakdown,Date,STRING,
dunning.dunning_details_breakdown.Recovered,dunning,dunning_details_breakdown,Recovered,INTEGER,
dunning.dunning_details_breakdown.Passively Cancelled,dunning,dunning_details_breakdown,Passively Cancelled,INTEGER,
dunning.dunning_details_breakdown.Actively Cancelled,dunning,dunning_details_breakdown,Actively Cancelled,INTEGER,
dunning.dunning_details_breakdown.Still in Dunning,dunning,dunning_details_breakdown,Still in Dunning,INTEGER,
dunning.dunning_details_breakdown.Total,dunning,dunning_details_breakdown,Total,INTEGER,
dunning.dunning_details_breakdown.Recovered Revenue,dunning,dunning_details_breakdown,Recovered Revenue,FLOAT,
dunning.dunning_overview.Segment Filter,dunning,dunning_overview,Segment Filter,STRING,
dunning.dunning_overview.Metric,dunning,dunning_overview,Metric,STRING,
dunning.dunning_overview.Value,dunning,dunning_overview,Value,FLOAT,
dunning.dunning_window.Segment Filter,dunning,dunning_window,Segment Filter,STRING,
dunning.dunning_window.Date,dunning,dunning_window,Date,STRING,
dunning.dunning_window.Entered,dunning,dunning_window,Entered,INTEGER,
dunning.dunning_window.Exited,dunning,dunning_window,Exited,INTEGER,
dunning.dunning_window.Net Change,dunning,dunning_window,Net Change,INTEGER,
dunning.retry_progress_funnel.Segment Filter,dunning,retry_progress_funnel,Segment Filter,STRING,
dunning.retry_progress_funnel.Billing Retry Number,dunning,retry_progress_funnel,Billing Retry Number,STRING,
dunning.retry_progress_funnel.Recovered,dunning,retry_progress_funnel,Recovered,INTEGER,
dunning.retry_progress_funnel.Passively Cancelled,dunning,retry_progress_funnel,Passively Cancelled,INTEGER,
dunning.retry_progress_funnel.Actively Cancelled,dunning,retry_progress_funnel,Actively Cancelled,INTEGER,
dunning.retry_progress_funnel.Billing Retry Failed,dunning,retry_progress_funnel,Billing Retry Failed,INTEGER,
dunning.retry_progress_funnel.Total Retries,dunning,retry_progress_funnel,Total Retries,INTEGER,
dunning.top_error_causes.Segment Filter,dunning,top_error_causes,Segment Filter,STRING,
dunning.top_error_causes.Error Message,dunning,top_error_causes,Error Message,STRING,
dunning.top_error_causes.Count,dunning,top_error_causes,Count,INTEGER,
dunning.top_error_causes.Percentage of Total,dunning,top_error_causes,Percentage of Total,FLOAT,
dunning.top_error_causes.Rank,dunning,top_error_causes,Rank,INTEGER,
forecast.activations_cancellations_forecast.Date,forecast,activations_cancellations_forecast,Date,DATE,
forecast.activations_cancellations_forecast.Forecasted Activations,forecast,activations_cancellations_forecast,Forecasted Activations,INTEGER,
forecast.activations_cancellations_forecast.Activations Low Estimate,forecast,activations_cancellations_forecast,Activations Low Estimate,INTEGER,
forecast.activations_cancellations_forecast.Activations High Estimate,forecast,activations_cancellations_forecast,Activations High Estimate,INTEGER,
forecast.activations_cancellations_forecast.Actual Activations,forecast,activations_cancellations_forecast,Actual Activations,INTEGER,
forecast.activations_cancellations_forecast.Forecasted Cancellations,forecast,activations_cancellations_forecast,Forecasted Cancellations,INTEGER,
forecast.activations_cancellations_forecast.Cancellations Low Estimate,forecast,activations_cancellations_forecast,Cancellations Low Estimate,INTEGER,
forecast.activations_cancellations_forecast.Cancellations High Estimate,forecast,activations_cancellations_forecast,Cancellations High Estimate,INTEGER,
forecast.activations_cancellations_forecast.Actual Cancellations,forecast,activations_cancellations_forecast,Actual Cancellations,INTEGER,
forecast.activations_cancellations_forecast.Net Change,forecast,activations_cancellations_forecast,Net Change,INTEGER,
forecast.activations_cancellations_forecast.Actual Net Change,forecast,activations_cancellations_forecast,Actual Net Change,INTEGER,
forecast.forecast_summary.Metric,forecast,forecast_summary,Metric,STRING,
forecast.forecast_summary.Queued Value,forecast,forecast_summary,Queued Value,FLOAT,
forecast.forecast_summary.Projected Value,forecast,forecast_summary,Projected Value,FLOAT,
forecast.product_forecast.Product,forecast,product_forecast,Product,STRING,
forecast.product_forecast.Variant,forecast,product_forecast,Variant,STRING,
forecast.product_forecast.SKU,forecast,product_forecast,SKU,INTEGER,
forecast.product_forecast.Queued Revenue,forecast,product_forecast,Queued Revenue,FLOAT,
forecast.product_forecast.Projected Revenue,forecast,product_forecast,Projected Revenue,FLOAT,
forecast.product_forecast.Queued Units,forecast,product_forecast,Queued Units,INTEGER,
forecast.product_forecast.Queued Orders,forecast,product_forecast,Queued Orders,INTEGER,
forecast.product_forecast.Projected Growth %,forecast,product_forecast,Projected Growth %,FLOAT,
forecast.revenue_forecast.Date,forecast,revenue_forecast,Date,DATE,
forecast.revenue_forecast.Queued Revenue,forecast,revenue_forecast,Queued Revenue,FLOAT,
forecast.revenue_forecast.Forecasted Revenue,forecast,revenue_forecast,Forecasted Revenue,FLOAT,
forecast.revenue_forecast.Historical Revenue,forecast,revenue_forecast,Historical Revenue,FLOAT,
forecast.revenue_forecast.Queued Units,forecast,revenue_forecast,Queued Units,INTEGER,
forecast.revenue_forecast.Queued Orders,forecast,revenue_forecast,Queued Orders,INTEGER,
forecast.revenue_forecast.MAPE Score,forecast,revenue_forecast,MAPE Score,FLOAT,
forecast.subscription_actions_forecast.Action,forecast,subscription_actions_forecast,Action,STRING,
forecast.subscription_actions_forecast.Subscription Count,forecast,subscription_actions_forecast,Subscription Count,INTEGER,
forecast.subscription_actions_forecast.Total Actions,forecast,subscription_actions_forecast,Total Actions,INTEGER,
forecast.subscription_actions_forecast.Historical Daily Avg,forecast,subscription_actions_forecast,Historical Daily Avg,FLOAT,
forecast.subscription_actions_forecast.Projected Growth %,forecast,subscription_actions_forecast,Projected Growth %,FLOAT,
overview.active_count.date,overview,active_count,date,STRING,
overview.active_count.Active subscriptions,overview,active_count,Active subscriptions,INTEGER,
overview.active_count.Active subscribers,overview,active_count,Active subscribers,INTEGER,
overview.cancellation_rates.date,overview,cancellation_rates,date,STRING,
overview.cancellation_rates.Cancellation rate,overview,cancellation_rates,Cancellation rate,FLOAT,
overview.cancellation_rates.Total cancellations,overview,cancellation_rates,Total cancellations,INTEGER,
overview.cancellation_rates.Active count,overview,cancellation_rates,Active count,INTEGER,
overview.daily_breakdown.date,overview,daily_breakdown,date,STRING,
overview.daily_breakdown.allRevenue,overview,daily_breakdown,allRevenue,FLOAT,
overview.daily_breakdown.subscriptionRevenue,overview,daily_breakdown,subscriptionRevenue,FLOAT,
overview.daily_breakdown.newSubscriptionRevenue,overview,daily_breakdown,newSubscriptionRevenue,FLOAT,
overview.daily_breakdown.recurringSubscriptionRevenue,overview,daily_breakdown,recurringSubscriptionRevenue,FLOAT,
overview.daily_breakdown.oneTimeAddOnRevenue,overview,daily_breakdown,oneTimeAddOnRevenue,INTEGER,
overview.daily_breakdown.nonSubscriptionRevenue,overview,daily_breakdown,nonSubscriptionRevenue,FLOAT,
overview.daily_breakdown.allOrders,overview,daily_breakdown,allOrders,INTEGER,
overview.daily_breakdown.subscriptionOrders,overview,daily_breakdown,subscriptionOrders,INTEGER,
overview.daily_breakdown.newSubscriptionOrders,overview,daily_breakdown,newSubscriptionOrders,INTEGER,
overview.daily_breakdown.recurringSubscriptionOrders,overview,daily_breakdown,recurringSubscriptionOrders,INTEGER,
overview.daily_breakdown.oneTimeAddOnOrders,overview,daily_breakdown,oneTimeAddOnOrders,INTEGER,
overview.daily_breakdown.nonSubscriptionOrders,overview,daily_breakdown,nonSubscriptionOrders,INTEGER,
overview.daily_breakdown.aov,overview,daily_breakdown,aov,FLOAT,
overview.daily_breakdown.activeSubscriptions,overview,daily_breakdown,activeSubscriptions,INTEGER,
overview.daily_breakdown.activeSubscribers,overview,daily_breakdown,activeSubscribers,INTEGER,
overview.daily_breakdown.cancelledSubscriptions,overview,daily_breakdown,cancelledSubscriptions,INTEGER,
overview.daily_breakdown.cancelledSubscribers,overview,daily_breakdown,cancelledSubscribers,INTEGER,
overview.daily_breakdown.pausedSubscriptions,overview,daily_breakdown,pausedSubscriptions,INTEGER,
overview.daily_breakdown.pausedSubscribers,overview,daily_breakdown,pausedSubscribers,INTEGER,
overview.daily_breakdown.failedSubscriptions,overview,daily_breakdown,failedSubscriptions,INTEGER,
overview.daily_breakdown.failedSubscribers,overview,daily_breakdown,failedSubscribers,INTEGER,
overview.daily_breakdown.newSubscriptions,overview,daily_breakdown,newSubscriptions,INTEGER,
overview.daily_breakdown.newSubscribers,overview,daily_breakdown,newSubscribers,INTEGER,
overview.daily_breakdown.cancelledTransitions,overview,daily_breakdown,cancelledTransitions,INTEGER,
overview.daily_breakdown.cancelledSubscriberTransitions,overview,daily_breakdown,cancelledSubscriberTransitions,INTEGER,
overview.daily_breakdown.pausedTransitions,overview,daily_breakdown,pausedTransitions,INTEGER,
overview.daily_breakdown.pausedSubscriberTransitions,overview,daily_breakdown,pausedSubscriberTransitions,INTEGER,
overview.daily_breakdown.exitedPausedTransitions,overview,daily_breakdown,exitedPausedTransitions,INTEGER,
overview.daily_breakdown.exitedPausedSubscriberTransitions,overview,daily_breakdown,exitedPausedSubscriberTransitions,INTEGER,
overview.daily_breakdown.reactivatedTransitions,overview,daily_breakdown,reactivatedTransitions,INTEGER,
overview.daily_breakdown.reactivatedSubscriberTransitions,overview,daily_breakdown,reactivatedSubscriberTransitions,INTEGER,
overview.daily_breakdown.recoveredTransitions,overview,daily_breakdown,recoveredTransitions,INTEGER,
overview.daily_breakdown.recoveredSubscriberTransitions,overview,daily_breakdown,recoveredSubscriberTransitions,INTEGER,
overview.daily_breakdown.enteredDunningTransitions,overview,daily_breakdown,enteredDunningTransitions,INTEGER,
overview.daily_breakdown.enteredDunningSubscriberTransitions,overview,daily_breakdown,enteredDunningSubscriberTransitions,INTEGER,
overview.daily_breakdown.exitedDunningTransitions,overview,daily_breakdown,exitedDunningTransitions,INTEGER,
overview.daily_breakdown.exitedDunningSubscriberTransitions,overview,daily_breakdown,exitedDunningSubscriberTransitions,INTEGER,
overview.growth_metrics.date,overview,growth_metrics,date,STRING,
overview.growth_metrics.gain,overview,growth_metrics,gain,INTEGER,
overview.growth_metrics.loss,overview,growth_metrics,loss,INTEGER,
overview.growth_metrics.netChange,overview,growth_metrics,netChange,INTEGER,
overview.growth_metrics.newSubscriptions,overview,growth_metrics,newSubscriptions,INTEGER,
overview.growth_metrics.resumed,overview,growth_metrics,resumed,INTEGER,
overview.growth_metrics.exitedPaused,overview,growth_metrics,exitedPaused,INTEGER,
overview.growth_metrics.exitedDunning,overview,growth_metrics,exitedDunning,INTEGER,
overview.growth_metrics.recovered,overview,growth_metrics,recovered,INTEGER,
overview.growth_metrics.reactivated,overview,growth_metrics,reactivated,INTEGER,
overview.growth_metrics.enteredPaused,overview,growth_metrics,enteredPaused,INTEGER,
overview.growth_metrics.enteredDunning,overview,growth_metrics,enteredDunning,INTEGER,
overview.growth_metrics.cancelled,overview,growth_metrics,cancelled,INTEGER,
overview.revenue_breakdown.name,overview,revenue_breakdown,name,STRING,
overview.revenue_breakdown.revenue,overview,revenue_breakdown,revenue,FLOAT,
overview.revenue_breakdown.orders,overview,revenue_breakdown,orders,INTEGER,
overview.revenue_breakdown.customers,overview,revenue_breakdown,customers,INTEGER,
overview.revenue_breakdown.aov,overview,revenue_breakdown,aov,FLOAT,
overview.revenue_breakdown.arg,overview,revenue_breakdown,arg,FLOAT,
overview.revenue_breakdown.percentage,overview,revenue_breakdown,percentage,FLOAT,
overview.subscription_distribution.date,overview,subscription_distribution,date,STRING,
overview.subscription_distribution.Checkout orders with a subscription (%),overview,subscription_distribution,Checkout orders with a subscription (%),FLOAT,
overview.subscription_distribution.Checkout subscription orders,overview,subscription_distribution,Checkout subscription orders,INTEGER,
overview.subscription_distribution.Checkout total orders,overview,subscription_distribution,Checkout total orders,INTEGER,
overview.subscription_distribution.Checkout subscription revenue,overview,subscription_distribution,Checkout subscription revenue,FLOAT,
overview.subscription_distribution.Checkout non-subscription revenue,overview,subscription_distribution,Checkout non-subscription revenue,FLOAT,
overview.subscription_distribution.All orders with a subscription (%),overview,subscription_distribution,All orders with a subscription (%),FLOAT,
overview.subscription_distribution.All subscription orders,overview,subscription_distribution,All subscription orders,INTEGER,
overview.subscription_distribution.All total orders,overview,subscription_distribution,All total orders,INTEGER,
overview.subscription_distribution.All subscription revenue,overview,subscription_distribution,All subscription revenue,FLOAT,
overview.subscription_distribution.All non-subscription revenue,overview,subscription_distribution,All non-subscription revenue,FLOAT,
overview.subscription_distribution_kpis.Metric,overview,subscription_distribution_kpis,Metric,STRING,
overview.subscription_distribution_kpis.Value,overview,subscription_distribution_kpis,Value,FLOAT,
products.one_time_addons.Segment Filter,products,one_time_addons,Segment Filter,STRING,
products.one_time_addons.Product,products,one_time_addons,Product,STRING,
products.one_time_addons.Revenue,products,one_time_addons,Revenue,FLOAT,
products.one_time_addons.Quantity,products,one_time_addons,Quantity,INTEGER,
products.one_time_addons.Total Orders,products,one_time_addons,Total Orders,INTEGER,
products.products_breakdown.Segment Filter,products,products_breakdown,Segment Filter,STRING,
products.products_breakdown.Product,products,products_breakdown,Product,STRING,
products.products_breakdown.Subscriptions,products,products_breakdown,Subscriptions,INTEGER,
products.products_breakdown.Subscribers,products,products_breakdown,Subscribers,INTEGER,
products.products_breakdown.Quantity,products,products_breakdown,Quantity,INTEGER,
products.products_breakdown.Activated,products,products_breakdown,Activated,INTEGER,
products.products_breakdown.Cancelled,products,products_breakdown,Cancelled,INTEGER,
products.products_breakdown.First Time Revenue,products,products_breakdown,First Time Revenue,FLOAT,
products.products_breakdown.Recurring Revenue,products,products_breakdown,Recurring Revenue,FLOAT,
products.products_breakdown.Total Revenue,products,products_breakdown,Total Revenue,FLOAT,
products.products_breakdown.First Time Orders,products,products_breakdown,First Time Orders,INTEGER,
products.products_breakdown.Recurring Orders,products,products_breakdown,Recurring Orders,INTEGER,
products.products_breakdown.Total Orders,products,products_breakdown,Total Orders,INTEGER,
products.products_breakdown.First Time AOV,products,products_breakdown,First Time AOV,FLOAT,
products.products_breakdown.Recurring AOV,products,products_breakdown,Recurring AOV,FLOAT,
products.products_breakdown.Total AOV,products,products_breakdown,Total AOV,FLOAT,
products.products_shipping_intervals.Segment Filter,products,products_shipping_intervals,Segment Filter,STRING,
products.products_shipping_intervals.Billing Interval,products,products_shipping_intervals,Billing Interval,STRING,
products.products_shipping_intervals.Billing Interval Count,products,products_shipping_intervals,Billing Interval Count,INTEGER,
products.products_shipping_intervals.Number of Subscriptions,products,products_shipping_intervals,Number of Subscriptions,INTEGER,
products.products_shipping_intervals.Percentage of Total,products,products_shipping_intervals,Percentage of Total,FLOAT,
products.top_products.Segment Filter,products,top_products,Segment Filter,STRING,
products.top_products.Product,products,top_products,Product,STRING,
products.top_products.Category,products,top_products,Category,STRING,
products.top_products.Value,products,top_products,Value,FLOAT,
products.top_products.Rank,products,top_products,Rank,INTEGER,
segments.cohort_overview_summary.Segment Filter,segments,cohort_overview_summary,Segment Filter,STRING,
segments.cohort_overview_summary.Cohort Month,segments,cohort_overview_summary,Cohort Month,DATE,
segments.cohort_overview_summary.Cohort Size,segments,cohort_overview_summary,Cohort Size,INTEGER,
segments.cohort_overview_summary.Total Orders,segments,cohort_overview_summary,Total Orders,INTEGER,
segments.cohort_overview_summary.Total Revenue,segments,cohort_overview_summary,Total Revenue,FLOAT,
segments.cohort_overview_summary.Churn Rate,segments,cohort_overview_summary,Churn Rate,FLOAT,
segments.cohort_overview_summary.AOV,segments,cohort_overview_summary,AOV,FLOAT,
segments.cohort_overview_summary.LTV,segments,cohort_overview_summary,LTV,FLOAT,
segments.products_breakdown.Segment Filter,segments,products_breakdown,Segment Filter,STRING,
segments.products_breakdown.Product,segments,products_breakdown,Product,STRING,
segments.products_breakdown.Subscriptions,segments,products_breakdown,Subscriptions,INTEGER,
segments.products_breakdown.Subscribers,segments,products_breakdown,Subscribers,INTEGER,
segments.products_breakdown.Quantity,segments,products_breakdown,Quantity,INTEGER,
segments.products_breakdown.Activated,segments,products_breakdown,Activated,INTEGER,
segments.products_breakdown.Cancelled,segments,products_breakdown,Cancelled,INTEGER,
segments.products_breakdown.First Time Revenue,segments,products_breakdown,First Time Revenue,FLOAT,
segments.products_breakdown.Recurring Revenue,segments,products_breakdown,Recurring Revenue,FLOAT,
segments.products_breakdown.Total Revenue,segments,products_breakdown,Total Revenue,FLOAT,
segments.products_breakdown.First Time Orders,segments,products_breakdown,First Time Orders,INTEGER,
segments.products_breakdown.Recurring Orders,segments,products_breakdown,Recurring Orders,INTEGER,
segments.products_breakdown.Total Orders,segments,products_breakdown,Total Orders,INTEGER,
segments.products_breakdown.First Time AOV,segments,products_breakdown,First Time AOV,FLOAT,
segments.products_breakdown.Recurring AOV,segments,products_breakdown,Recurring AOV,FLOAT,
segments.products_breakdown.Total AOV,segments,products_breakdown,Total AOV,FLOAT,
segments.products_shipping_intervals.Segment Filter,segments,products_shipping_intervals,Segment Filter,STRING,
segments.products_shipping_intervals.Billing Interval,segments,products_shipping_intervals,Billing Interval,STRING,
segments.products_shipping_intervals.Billing Interval Count,segments,products_shipping_intervals,Billing Interval Count,INTEGER,
segments.products_shipping_intervals.Number of Subscriptions,segments,products_shipping_intervals,Number of Subscriptions,INTEGER,
segments.products_shipping_intervals.Percentage of Total,segments,products_shipping_intervals,Percentage of Total,FLOAT,
segments.segments_audit_log.Segment Filter,segments,segments_audit_log,Segment Filter,STRING,
segments.segments_audit_log.Action,segments,segments_audit_log,Action,STRING,
segments.segments_audit_log.Count,segments,segments_audit_log,Count,INTEGER,
segments.segments_audit_log.Subscriptions,segments,segments_audit_log,Subscriptions,INTEGER,
segments.segments_audit_log.Revenue,segments,segments_audit_log,Revenue,FLOAT,
segments.segments_audit_log.Orders,segments,segments_audit_log,Orders,INTEGER,
segments.segments_audit_log.AOV,segments,segments_audit_log,AOV,FLOAT,
segments.segments_audit_log.ARG,segments,segments_audit_log,ARG,FLOAT,
segments.segments_audit_log.AOC,segments,segments_audit_log,AOC,FLOAT,
segments.segments_audit_log.AOV (without action),segments,segments_audit_log,AOV (without action),FLOAT,
segments.segments_audit_log.ARG (without action),segments,segments_audit_log,ARG (without action),FLOAT,
segments.segments_audit_log.AOC (without action),segments,segments_audit_log,AOC (without action),FLOAT,
segments.segments_kpis.Segment Filter,segments,segments_kpis,Segment Filter,STRING,
segments.segments_kpis.Metric,segments,segments_kpis,Metric,STRING,
segments.segments_kpis.Value,segments,segments_kpis,Value,FLOAT,
subscribers.customers_table.Email,subscribers,customers_table,Email,STRING,
subscribers.customers_table.Name,subscribers,customers_table,Name,STRING,
subscribers.customers_table.Active subscriptions,subscribers,customers_table,Active subscriptions,INTEGER,
subscribers.customers_table.Lifetime orders,subscribers,customers_table,Lifetime orders,INTEGER,
subscribers.customers_table.Total spend,subscribers,customers_table,Total spend,FLOAT,Exported as a dollar-prefixed string (e.g. $0.00). Strip the $ before numeric conversion.
